Node,Processes,Num Threads,Schedule,ChunkSize,ReadGray(s),ReadColor(s),Gray(s),Hsl(s),Yuv(s),WriteGray(s),WriteHsl(s),WriteYuv(s),Total(s)
1,1,2,static,16,0.033512,0.636826,0.602158,3.507921,1.713827,5.755085,15.342228,18.294659,45.893861
1,1,2,static,16,0.034039,0.49581,0.592993,3.591231,1.75329,6.192287,17.938897,18.388026,48.994047
1,1,2,static,16,0.018822,0.489257,0.568506,3.62355,1.784258,5.924969,18.299292,16.169152,46.885444
1,1,2,static,16,0.033038,0.596018,0.597248,3.619725,1.691313,6.220054,18.358577,18.081472,49.204811
1,1,2,static,16,0.020762,0.388702,0.593177,3.564861,1.697038,6.053778,15.086687,18.415261,45.827593
1,1,2,static,32,0.03102,0.38631,0.579143,3.336685,1.693428,6.211178,18.09033,18.402771,48.738249
1,1,2,static,32,0.035222,0.637197,0.547895,3.329012,1.664872,6.138505,18.395358,16.085207,46.840585
1,1,2,static,32,0.017423,0.646856,0.534103,3.332799,1.686235,6.202922,18.752493,17.64757,48.828159
1,1,2,static,32,0.018299,0.391842,0.554808,3.345779,1.692845,5.738022,16.093516,18.264868,46.107691
1,1,2,static,32,0.017849,0.663718,0.534922,3.267486,1.68507,6.197621,17.847533,18.379742,48.601213
1,1,2,static,64,0.032129,0.592029,0.572956,3.226034,1.676015,4.585936,18.265335,15.988673,44.946531
1,1,2,static,64,0.017855,0.670549,0.536099,3.278767,1.628015,6.210674,18.39875,15.9493,46.697479
1,1,2,static,64,0.034896,0.671632,0.553632,3.273838,1.635552,5.994608,16.038487,18.781152,46.99157
1,1,2,static,64,0.033009,0.656121,0.560766,3.240904,1.629385,6.187881,15.887006,18.271555,46.474651
1,1,2,static,64,0.032967,0.667859,0.561253,3.293944,1.648594,3.910019,18.566579,17.110935,45.799823
1,1,2,static,128,0.032488,0.65832,0.560391,3.157844,1.557436,5.909454,18.286257,15.802975,45.972679
1,1,2,static,128,0.034931,0.679009,0.545431,3.122944,1.579374,6.21268,18.771984,17.287907,48.241835
1,1,2,static,128,0.017499,0.666779,0.518814,3.138096,1.580745,5.621477,15.508305,18.415115,45.474446
1,1,2,static,128,0.031861,0.663463,0.559741,3.145629,1.569916,6.219258,17.842908,18.380194,48.420395
1,1,2,static,128,0.033213,0.666013,0.554029,3.152943,1.580946,3.515826,18.360632,16.112466,43.983809
1,1,2,static,256,0.032009,0.665141,0.565188,3.172591,1.582451,5.744584,18.315214,14.276081,44.360737
1,1,2,static,256,0.031106,0.657213,0.545833,3.152084,1.58479,6.206602,15.060395,9.818228,37.063786
1,1,2,static,256,0.033901,0.66664,0.523014,3.150633,1.601995,3.220401,9.767846,9.78486,28.756718
1,1,2,static,256,0.031292,0.662626,0.547104,3.140116,1.600879,3.167634,9.732094,9.73018,28.61995
1,1,2,static,256,0.029325,0.681044,0.569088,3.279243,1.672869,3.174168,9.738197,9.780776,28.932227
1,1,2,static,512,0.028394,0.481527,0.538308,3.173324,1.502193,3.188813,9.763197,9.746773,28.429992
1,1,2,static,512,0.032015,0.480027,0.473387,3.089382,1.47798,3.181447,10.75629,15.845606,35.343484
1,1,2,static,512,0.017733,0.659238,0.497929,3.152948,1.567494,5.73971,14.858938,18.584772,45.086194
1,1,2,static,512,0.020402,0.48564,0.524535,3.151568,1.56957,6.222147,14.015077,18.44421,44.440689
1,1,2,static,512,0.028535,0.481979,0.519561,3.064107,1.557148,5.734154,15.828442,18.311792,45.533226
1,1,2,static,1024,0.032691,0.658186,0.570853,3.138422,1.583618,3.390815,17.534821,18.165505,45.082503
1,1,2,static,1024,0.031178,0.662978,0.550663,3.113272,1.643952,5.541767,18.263772,15.920058,45.73523
1,1,2,static,1024,0.033262,0.659014,0.564972,3.140396,1.635893,4.622274,18.375873,14.184862,43.224135
1,1,2,static,1024,0.014658,0.599623,0.526747,3.145389,1.661393,6.228554,18.407636,15.055589,45.647382
1,1,2,static,1024,0.015206,0.660595,0.520156,3.131374,1.587924,6.23715,15.858687,15.987348,44.005903
1,1,2,static,2048,0.014782,0.704463,0.736547,3.145687,1.621732,5.816044,11.978997,9.792087,33.817963
1,1,2,static,2048,0.015447,0.477959,0.527279,3.159141,1.574506,3.209916,9.786931,9.747159,28.506038
1,1,2,static,2048,0.028838,0.657066,0.548584,3.132206,1.646838,3.20644,9.741147,9.787794,28.756286
1,1,2,static,2048,0.02952,0.641202,0.539739,3.136387,1.588527,3.213556,9.705167,9.737178,28.598868
1,1,2,static,2048,0.02905,0.509791,0.567882,3.224462,1.706936,3.204838,10.035874,13.330469,32.616868
1,1,2,static,4096,0.032131,0.664142,0.550598,3.226134,1.621498,6.188402,17.338344,15.711081,45.340168
1,1,2,static,4096,0.031436,0.656784,0.560423,3.230325,1.551203,5.671774,15.817668,16.997317,44.524274
1,1,2,static,4096,0.029383,0.672594,0.573628,3.254778,1.626608,6.342544,13.936437,18.158031,44.601441
1,1,2,static,4096,0.031255,0.653044,0.555478,3.141225,1.599026,6.317905,14.828498,18.194169,45.328136
1,1,2,static,4096,0.031456,0.67351,0.569862,3.249188,1.56587,5.489876,15.829122,18.298849,45.7153
1,1,2,guided,16,0.030692,0.653414,0.528508,3.228958,1.514792,4.112936,18.349964,17.979719,46.406507
1,1,2,guided,16,0.029165,0.634458,0.540656,3.10524,1.529082,5.322361,18.324288,15.774591,45.267285
1,1,2,guided,16,0.028577,0.513827,0.553502,3.097731,1.555973,4.066793,18.132111,15.332418,43.288469
1,1,2,guided,16,0.029471,0.652543,0.548035,3.115122,1.564619,6.373761,18.247752,14.900637,45.439401
1,1,2,guided,16,0.014536,0.664507,0.514977,3.123141,1.549195,6.326864,16.11139,17.214355,45.526241
1,1,2,guided,32,0.032095,0.65951,0.545255,3.09857,1.541905,6.280053,14.479958,18.202487,44.84734
1,1,2,guided,32,0.015086,0.676233,0.509297,3.227681,1.627278,6.369041,16.980603,18.462484,47.875309
1,1,2,guided,32,0.018199,0.608769,0.537258,3.099204,1.547858,3.334719,18.66677,17.72524,45.545496
1,1,2,guided,32,0.028533,0.646118,0.543739,3.102511,1.550853,4.718246,18.05932,15.890753,44.547694
1,1,2,guided,32,0.032161,0.62393,0.548925,3.074625,1.602755,6.315516,18.179533,15.003482,45.388476
1,1,2,guided,64,0.031199,0.675096,0.533525,3.21557,1.604845,6.297124,16.002331,17.17811,45.545335
1,1,2,guided,64,0.031875,0.661476,0.558753,3.212671,1.619472,6.346018,14.313423,18.226044,44.977222
1,1,2,guided,64,0.030813,0.643392,0.531145,3.218845,1.536177,6.328572,17.561891,18.275355,48.133692
1,1,2,guided,64,0.032152,0.603877,0.548822,3.118316,1.554032,4.072049,18.298783,16.723441,44.959039
1,1,2,guided,64,0.031223,0.664204,0.519829,3.219011,1.633019,4.714905,18.29829,14.539162,43.627499
1,1,2,guided,128,0.032005,0.664325,0.528374,3.125397,1.5524,6.308206,17.816047,17.453507,47.487723
1,1,2,guided,128,0.015091,0.631981,0.520081,3.078508,1.607538,5.619879,15.932079,18.182154,45.595036
1,1,2,guided,128,0.029318,0.646822,0.540849,3.214725,1.616418,6.28304,16.279834,18.292889,46.911329
1,1,2,guided,128,0.031163,0.62846,0.548888,3.215643,1.62495,3.961192,18.474721,17.924502,46.417177
1,1,2,guided,128,0.032112,0.66386,0.542734,3.2206,1.544097,4.902905,18.247686,15.987345,45.148911
1,1,2,guided,256,0.032195,0.624446,0.539358,3.116953,1.543722,6.309782,18.33571,16.288706,46.798139
1,1,2,guided,256,0.032073,0.609928,0.552091,3.114417,1.612887,5.659213,15.953274,18.581775,46.123105
1,1,2,guided,256,0.028656,0.599641,0.536379,3.124591,1.546404,6.357347,15.65687,18.289957,46.147403
1,1,2,guided,256,0.031364,0.634768,0.545094,3.099467,1.608073,4.55168,17.765827,18.755474,46.999289
1,1,2,guided,256,0.03067,0.615925,0.55404,3.115186,1.555545,5.812808,18.125643,15.953193,45.770244
1,1,2,guided,512,0.015948,0.628914,0.509254,3.097315,1.606912,6.384826,18.127221,16.095987,46.474013
1,1,2,guided,512,0.028435,0.621042,0.542529,3.094405,1.53318,6.042467,16.06542,18.146674,46.081707
1,1,2,guided,512,0.032066,0.619532,0.526943,3.090049,1.537402,6.28499,14.811497,18.233867,45.144065
1,1,2,guided,512,0.028766,0.634535,0.545565,3.110683,1.545161,5.540683,17.84394,18.651986,47.90903
1,1,2,guided,512,0.02956,0.652225,0.514741,3.071832,1.563372,6.128721,18.256786,15.951125,46.175901
1,1,2,guided,1024,0.031232,0.63349,0.537732,3.087399,1.549763,6.30421,18.227141,16.194875,46.573511
1,1,2,guided,1024,0.032011,0.656751,0.531845,3.118602,1.569119,5.772777,15.875411,18.366789,45.931015
1,1,2,guided,1024,0.02843,0.663486,0.548646,3.219901,1.550176,6.376185,15.516842,18.418338,46.329689
1,1,2,guided,1024,0.029601,0.648814,0.540129,3.085769,1.630406,4.781105,17.959104,18.402718,47.085318
1,1,2,guided,1024,0.028623,0.654513,0.541033,3.09899,1.538963,5.310152,18.21515,15.887815,45.282948
1,1,2,guided,2048,0.032162,0.640069,0.52288,3.202555,1.582536,6.33164,18.593733,17.052955,47.966186
1,1,2,guided,2048,0.01944,0.648236,0.542529,3.104425,1.557622,5.485287,15.995144,19.137671,46.498002
1,1,2,guided,2048,0.028986,0.604898,0.521183,3.095547,1.53935,6.276777,15.983006,18.437399,46.494685
1,1,2,guided,2048,0.030565,0.655367,0.551732,3.097537,1.53293,4.096739,18.566716,17.890546,46.429622
1,1,2,guided,2048,0.031923,0.583854,0.521796,3.101592,1.5207,5.148128,18.425401,15.439384,44.780355
1,1,2,guided,4096,0.028448,0.634783,0.544152,3.091363,1.570768,6.307838,18.572912,17.805375,48.562968
1,1,2,guided,4096,0.029752,0.607027,0.539953,3.104741,1.564027,5.572555,16.183838,18.145744,45.755224
1,1,2,guided,4096,0.032044,0.636911,0.547552,3.106518,1.555314,6.314971,16.679327,18.487387,47.367333
1,1,2,guided,4096,0.031985,0.666162,0.530029,3.112964,1.519555,3.408742,19.288007,17.259513,45.824504
1,1,2,guided,4096,0.02945,0.617612,0.544645,3.219143,1.553,5.143911,18.253019,15.000894,44.369347
1,1,2,dynamic,16,0.032151,0.951941,0.733482,6.009119,4.020192,6.302911,15.832228,19.319836,53.209413
1,1,2,dynamic,16,0.015176,0.919575,0.746455,6.074166,4.066099,6.220346,15.796399,18.357567,52.203283
1,1,2,dynamic,16,0.017382,0.977591,0.757676,6.260328,4.088907,5.09247,18.41814,14.001629,49.621632
1,1,2,dynamic,16,0.032075,1.09778,0.752853,6.253326,3.891802,6.214589,15.837381,17.606033,51.693164
1,1,2,dynamic,16,0.030765,0.866835,0.760464,6.017371,4.053755,6.209958,17.021763,18.549565,53.517896
1,1,2,dynamic,32,0.0312,0.932702,0.681432,5.305975,3.494226,5.822747,18.451253,14.052018,48.77896
1,1,2,dynamic,32,0.032167,0.944418,0.683776,5.431686,3.683991,6.21855,15.894719,18.404163,51.301137
1,1,2,dynamic,32,0.031314,0.904968,0.654888,5.278527,3.415757,6.199151,17.108137,18.838399,52.439556
1,1,2,dynamic,32,0.028492,0.907894,0.689774,5.282938,3.493954,3.180769,9.952256,9.926982,33.470988
1,1,2,dynamic,32,0.032227,0.919493,0.689103,5.26986,3.515896,3.198462,9.928957,10.003072,33.564576
1,1,2,dynamic,64,0.028735,0.769272,0.612935,4.161668,2.779233,3.212139,9.932009,9.918397,31.422119
1,1,2,dynamic,64,0.015721,0.727049,0.597643,4.002404,2.653328,3.234591,9.894011,9.924355,31.056721
1,1,2,dynamic,64,0.017912,0.748111,0.602991,4.015425,2.659039,3.200517,9.915038,10.027765,31.194245
1,1,2,dynamic,64,0.015415,0.711334,0.587861,4.005092,2.615184,3.191029,9.885764,9.930513,30.949688
1,1,2,dynamic,64,0.028452,0.719972,0.595919,3.982149,2.67905,3.196209,9.87128,9.877718,30.958382
1,1,2,dynamic,128,0.032058,0.651366,0.588601,3.535112,1.94045,3.17421,9.829323,9.808302,29.56701
1,1,2,dynamic,128,0.015071,0.688345,0.545204,3.497037,1.962284,3.170036,9.896546,9.977133,29.7594
1,1,2,dynamic,128,0.030605,0.645768,0.591279,3.532054,1.997547,3.16777,9.876816,9.846858,29.696282
1,1,2,dynamic,128,0.017521,0.632687,0.568627,3.538046,2.072369,3.141639,9.858879,10.27544,30.112786
1,1,2,dynamic,128,0.02941,0.69476,0.588953,3.647465,2.037185,3.413487,10.966149,11.486128,32.87153
1,1,2,dynamic,256,0.02855,0.625923,0.565916,3.2897,1.801543,3.516057,10.94768,10.110413,30.893489
1,1,2,dynamic,256,0.029648,0.654092,0.575291,3.317579,1.799791,3.200936,9.7933,9.926547,29.304713
1,1,2,dynamic,256,0.029092,0.639501,0.57715,3.342303,1.800947,3.149308,9.823037,9.854921,29.223831
1,1,2,dynamic,256,0.032164,0.686716,0.55904,3.426221,1.846201,3.137995,9.835896,9.839863,29.371797
1,1,2,dynamic,256,0.031205,0.6654,0.544302,3.309478,1.787951,3.145953,9.788478,9.840004,29.120272
1,1,2,dynamic,512,0.029351,0.659582,0.56755,3.28483,1.674904,3.161088,9.790529,9.752681,28.928137
1,1,2,dynamic,512,0.019331,0.653677,0.55031,3.269866,1.678384,3.071141,9.759117,9.798434,28.807468
1,1,2,dynamic,512,0.03232,0.667595,0.554735,3.264141,1.692504,3.174863,9.729332,9.782322,28.905399
1,1,2,dynamic,512,0.029112,0.642376,0.57232,3.236939,1.759472,3.169931,9.745278,9.768115,28.931428
1,1,2,dynamic,512,0.029333,0.627156,0.549437,3.27518,1.695611,3.188594,9.759662,9.779887,28.912368
1,1,2,dynamic,1024,0.031953,0.644686,0.527782,3.179794,1.627895,3.185058,9.749934,9.84384,28.798553
1,1,2,dynamic,1024,0.029927,0.682886,0.559296,3.315843,1.691218,3.187977,9.768549,9.827199,29.070462
1,1,2,dynamic,1024,0.017558,0.621653,0.543608,3.205063,1.637081,3.206173,9.76727,9.801941,28.807916
1,1,2,dynamic,1024,0.031746,0.643699,0.557711,3.202646,1.62937,3.127176,9.756093,10.224061,29.180091
1,1,2,dynamic,1024,0.03121,0.621328,0.528364,3.216471,1.695907,3.139331,9.763783,9.744717,28.748748
1,1,2,dynamic,2048,0.032051,0.638657,0.538184,3.185486,1.575705,3.133063,9.729094,9.803426,28.643283
1,1,2,dynamic,2048,0.014808,0.66945,0.524974,3.268349,1.658292,3.133753,9.797387,9.773038,28.847808
1,1,2,dynamic,2048,0.015983,0.636183,0.519841,3.188027,1.58004,3.150362,9.692718,9.780813,28.571399
1,1,2,dynamic,2048,0.031188,0.684829,0.553155,3.294716,1.657805,3.176946,9.71507,9.733912,28.855188
1,1,2,dynamic,2048,0.029872,0.661575,0.557995,3.189604,1.596038,3.147691,9.702455,9.747061,28.639973
1,1,2,dynamic,4096,0.032281,0.661164,0.528833,3.130214,1.55781,3.165672,9.690049,10.902709,29.67629
1,1,2,dynamic,4096,0.029437,0.663029,0.55603,3.141498,1.580767,3.76675,10.894074,10.788896,31.428111
1,1,2,dynamic,4096,0.030576,0.58758,0.537626,3.145715,1.5301,3.46617,18.183853,10.572725,38.061863
1,1,2,dynamic,4096,0.029473,0.642092,0.549398,3.137317,1.52948,3.354325,9.788648,9.768037,28.806389
1,1,2,dynamic,4096,0.031125,0.672361,0.552386,3.245711,1.619969,3.143424,18.504855,17.18493,44.962405
1,1,4,static,16,0.015169,0.434997,0.472994,2.015339,1.1282,5.321868,18.30966,15.913308,43.619094
1,1,4,static,16,0.030267,0.373929,0.491357,2.011091,1.065167,6.22477,18.272179,15.063804,43.540177
1,1,4,static,16,0.032204,0.379484,0.493977,1.958799,1.119969,6.206002,17.254043,17.935762,45.387686
1,1,4,static,16,0.028677,0.389642,0.497771,2.032518,1.204189,5.780464,13.420282,17.734456,41.095547
1,1,4,static,16,0.030092,0.391094,0.491145,2.043138,1.063983,6.229708,13.349275,17.84221,41.448829
1,1,4,static,32,0.014645,0.390333,0.459506,1.964464,1.073461,6.227948,12.78763,17.758096,40.683536
1,1,4,static,32,0.01981,0.383349,0.454394,1.943296,1.05277,6.208366,13.19326,17.808902,41.071787
1,1,4,static,32,0.014783,0.386558,0.446378,1.953554,1.047593,6.106244,12.651253,17.812805,40.426786
1,1,4,static,32,0.015862,0.39219,0.429372,1.956621,1.072683,6.006397,11.307149,17.667411,38.855284
1,1,4,static,32,0.030356,0.382625,0.479538,1.954379,1.037817,5.998928,13.652009,16.248911,39.792106
1,1,4,static,64,0.03285,0.401122,0.472193,1.911941,1.074161,5.925173,15.989465,13.873607,39.688071
1,1,4,static,64,0.015181,0.3762,0.457563,1.956202,1.015344,5.944822,22.397339,17.234752,49.404979
1,1,4,static,64,0.018286,0.398422,0.462913,1.97913,1.129617,5.917215,17.727274,12.515318,40.155689
1,1,4,static,64,0.028925,0.317457,0.473178,1.954492,1.056661,5.930724,18.185113,10.015726,37.969827
1,1,4,static,64,0.02957,0.407178,0.479469,1.959305,1.041352,5.324422,17.984288,13.607821,40.840908
1,1,4,static,128,0.014671,0.381835,0.45383,1.915609,1.059159,4.352313,18.214902,17.622212,44.021989
1,1,4,static,128,0.031671,0.393359,0.486573,1.90371,1.089964,3.242579,17.411946,18.056728,42.624048
1,1,4,static,128,0.014502,0.317013,0.446663,1.887725,1.061847,3.305078,13.980588,18.187619,39.208595
1,1,4,static,128,0.029485,0.330909,0.47726,1.907677,1.067594,6.037,11.183524,17.507656,38.54879
1,1,4,static,128,0.028563,0.393567,0.492706,1.929272,1.067763,6.087658,11.855929,10.107098,31.970167
1,1,4,static,256,0.015357,0.383002,0.43709,1.883658,1.062233,3.184172,9.665193,16.865259,33.503446
1,1,4,static,256,0.028614,0.392741,0.465747,1.896051,1.011152,5.791039,14.074823,17.324206,40.992065
1,1,4,static,256,0.029506,0.340884,0.481315,1.891355,1.025785,5.791026,15.175904,16.360116,41.103294
1,1,4,static,256,0.017491,0.363827,0.458744,1.897159,1.030917,5.846825,16.120534,15.352663,41.095652
1,1,4,static,256,0.015361,0.384451,0.429032,1.866954,1.044012,5.956673,17.093519,14.544405,41.341846
1,1,4,static,512,0.01475,0.376457,0.445481,1.882197,1.043369,5.992956,17.916494,13.741378,41.42076
1,1,4,static,512,0.019452,0.377125,0.447779,1.883039,1.019972,9.224838,19.230803,14.939399,47.149706
1,1,4,static,512,0.014591,0.385257,0.448388,1.874231,1.021368,6.214803,18.189176,15.769519,43.92497
1,1,4,static,512,0.03192,0.348964,0.472184,1.886508,1.031236,6.254693,16.445668,17.624174,44.102953
1,1,4,static,512,0.028639,0.376428,0.473634,1.888321,0.999826,5.741321,15.911275,18.732531,44.160042
1,1,4,static,1024,0.032113,0.38135,0.478084,1.86575,1.02319,6.218568,24.003232,26.316244,60.326102
1,1,4,static,1024,0.031878,0.346197,0.479538,1.8569,1.038223,8.612766,26.102973,25.687721,64.163497
1,1,4,static,1024,0.031559,0.371008,0.471648,1.875936,1.005084,5.492747,25.325941,26.113798,60.695023
1,1,4,static,1024,0.031282,0.290675,0.480128,1.880953,1.013058,7.607522,25.473189,25.727597,62.511869
1,1,4,static,1024,0.031712,0.301102,0.449381,1.864979,1.002048,6.20928,18.143216,16.636059,44.645349
1,1,4,static,2048,0.031195,0.376456,0.440068,1.853929,1.030705,5.239647,18.056682,15.792952,42.828927
1,1,4,static,2048,0.031863,0.376282,0.46896,1.845625,1.032853,6.360042,18.124658,14.601933,42.849795
1,1,4,static,2048,0.017416,0.357673,0.460362,1.870754,1.036554,6.297606,18.343577,24.699786,53.091156
1,1,4,static,2048,0.029948,0.359769,0.469772,1.860224,1.011025,5.42847,15.759915,17.990412,42.917335
1,1,4,static,2048,0.028674,0.376523,0.475132,1.86438,1.017926,6.347827,15.406146,18.112824,43.636922
1,1,4,static,4096,0.029263,0.381133,0.464832,1.8223,1.011885,6.290275,14.306947,18.239889,42.554107
1,1,4,static,4096,0.028409,0.384765,0.473621,1.850687,1.008095,6.28876,16.653348,18.526981,45.222309
1,1,4,static,4096,0.029535,0.374313,0.471963,1.854375,1.003375,4.012885,17.655319,18.371013,43.780211
1,1,4,static,4096,0.031353,0.374677,0.457212,1.840688,0.994385,5.158515,18.302124,17.337028,44.503601
1,1,4,static,4096,0.03088,0.373361,0.478018,1.855055,0.999865,6.052133,18.4959,17.852811,46.146274
1,1,4,guided,16,0.03034,0.375939,0.46528,1.845314,0.993031,5.549369,17.949723,18.37419,45.590698
1,1,4,guided,16,0.031439,0.37634,0.468526,1.846336,1.015789,4.993645,17.427055,18.545351,44.711995
1,1,4,guided,16,0.030359,0.355712,0.457996,1.846076,0.997779,4.532388,16.922339,18.164406,43.314437
1,1,4,guided,16,0.029471,0.366738,0.473937,1.855797,0.976165,4.027073,16.395785,18.445736,42.578157
1,1,4,guided,16,0.03129,0.349328,0.446003,1.864758,0.988931,3.190166,12.825662,16.601046,36.305172
1,1,4,guided,32,0.03078,0.353398,0.452139,1.854755,0.972624,6.202414,15.693226,20.146562,45.713224
1,1,4,guided,32,0.031182,0.365549,0.46576,1.833199,0.965662,9.211465,23.866962,25.480203,62.227304
1,1,4,guided,32,0.031342,0.352379,0.453509,1.862536,0.991767,7.638246,23.682056,25.502429,60.521688
1,1,4,guided,32,0.018623,0.362779,0.423009,1.842851,1.008196,9.217783,17.538006,18.014248,48.432823
1,1,4,guided,32,0.030856,0.371224,0.462609,1.860957,1.011316,3.723571,18.631781,18.144284,44.24435
1,1,4,guided,64,0.031868,0.369708,0.451793,1.860245,1.003902,6.209894,18.216961,14.385627,42.53756
1,1,4,guided,64,0.028568,0.360752,0.481134,1.857968,1.011074,6.22201,18.605977,16.828365,45.403621
1,1,4,guided,64,0.031906,0.363816,0.469735,1.856883,1.005202,4.833423,17.887336,16.086348,42.542206
1,1,4,guided,64,0.015004,0.374819,0.437043,1.858896,1.007753,6.204989,17.931697,18.524609,46.36335
1,1,4,guided,64,0.029353,0.326465,0.468931,1.85872,1.016098,5.864456,18.490639,18.684715,46.74697
1,1,4,guided,128,0.030767,0.358356,0.461158,1.836332,0.999344,5.74077,15.982163,18.630143,44.046919
1,1,4,guided,128,0.029423,0.344133,0.473009,1.85515,1.001251,4.645114,18.736348,18.747016,45.839379
1,1,4,guided,128,0.030065,0.348138,0.460311,1.849015,0.995495,6.21703,18.683348,18.826166,47.417132
1,1,4,guided,128,0.030928,0.365049,0.465905,1.859139,0.98805,6.20707,15.703457,18.342966,43.970119
1,1,4,guided,128,0.030587,0.366686,0.460565,1.855485,0.999792,6.212565,18.497342,18.692828,47.123482
1,1,4,guided,256,0.029318,0.358073,0.471821,1.873852,1.014767,6.210914,18.611931,18.586772,47.164972
1,1,4,guided,256,0.030658,0.353964,0.469773,1.863615,0.997561,6.10399,18.329803,18.087381,46.244197
1,1,4,guided,256,0.032971,0.34879,0.473704,1.854698,1.013261,6.230801,18.569701,15.119988,43.651251
1,1,4,guided,256,0.028848,0.327692,0.467787,1.860641,1.000358,6.207917,18.703502,18.715379,47.319534
1,1,4,guided,256,0.031963,0.35988,0.467383,1.854255,1.019166,6.213127,18.727287,18.245088,46.92571
1,1,4,guided,512,0.03033,0.351844,0.464352,1.851978,0.99578,3.412316,18.635151,18.619269,44.368525
1,1,4,guided,512,0.018214,0.37707,0.446147,1.850745,0.999106,6.227555,18.682362,18.689671,47.298457
1,1,4,guided,512,0.029808,0.381177,0.466069,1.857141,1.019342,6.211876,18.551185,16.25605,44.780325
1,1,4,guided,512,0.015946,0.367895,0.455835,1.86442,1.009509,6.125227,18.738278,18.717191,47.301926
1,1,4,guided,512,0.030258,0.359216,0.472999,1.859394,1.004115,6.204175,18.681349,18.735922,47.354918
1,1,4,guided,1024,0.030835,0.346582,0.455788,1.785666,0.965612,6.210415,18.713298,18.678528,47.194456
1,1,4,guided,1024,0.030825,0.344283,0.477359,1.860553,0.99677,6.213967,18.711441,18.797697,47.440327
1,1,4,guided,1024,0.03169,0.363822,0.449104,1.849312,0.9908,6.202404,18.34566,16.32778,44.568288
1,1,4,guided,1024,0.030027,0.358235,0.455397,1.840932,0.996675,3.201044,9.665481,9.659497,26.214865
1,1,4,guided,1024,0.032925,0.342825,0.43995,1.850652,0.99266,3.164322,9.502577,9.549073,25.882522
1,1,4,guided,2048,0.031223,0.360086,0.468901,1.846202,0.993899,3.180373,9.488467,9.453495,25.830219
1,1,4,guided,2048,0.028875,0.351932,0.481965,1.873369,0.999736,3.196957,9.64188,9.698393,26.280828
1,1,4,guided,2048,0.020779,0.344272,0.454423,1.858835,1.010757,3.19413,11.753509,18.394963,37.039148
1,1,4,guided,2048,0.017809,0.34188,0.444331,1.865025,0.997852,6.197875,14.87249,18.194711,42.93963
1,1,4,guided,2048,0.03143,0.3625,0.467077,1.83508,1.021579,6.203927,16.762409,18.228455,44.920321
1,1,4,guided,4096,0.014643,0.379014,0.428543,1.8646,1.003319,4.034877,17.589107,18.177036,43.498772
1,1,4,guided,4096,0.031396,0.345712,0.464511,1.86246,1.005003,5.518752,18.302087,16.515215,44.052638
1,1,4,guided,4096,0.030635,0.318233,0.476226,1.855399,0.988366,5.456276,18.345971,15.941616,43.419741
1,1,4,guided,4096,0.029474,0.378797,0.465341,1.84571,0.973647,5.996961,18.27727,15.158238,43.132951
1,1,4,guided,4096,0.028328,0.375291,0.463618,1.840841,0.995223,6.223617,17.414209,17.750115,45.098525
1,1,4,dynamic,16,0.015651,1.018989,0.620143,3.949012,3.375152,5.964915,15.345609,18.57819,48.874959
1,1,4,dynamic,16,0.031057,1.019559,0.624797,3.942803,3.483746,4.446745,17.998506,15.708921,47.263644
1,1,4,dynamic,16,0.032086,1.221025,0.653833,3.937313,3.514948,3.21875,9.844142,9.862196,32.292002
1,1,4,dynamic,16,0.014622,1.042834,0.622636,3.9425,3.521102,3.198865,9.841999,9.870374,32.062496
1,1,4,dynamic,16,0.029727,1.212833,0.670908,3.937186,3.575193,3.212316,9.852242,9.846572,32.344637
1,1,4,dynamic,32,0.015177,0.759674,0.58288,3.220479,2.310217,3.18417,9.731161,9.713251,29.524722
1,1,4,dynamic,32,0.031554,0.781537,0.58897,3.209134,2.320487,3.178725,9.794365,9.792167,29.704697
1,1,4,dynamic,32,0.028729,0.746671,0.608388,3.216112,2.33231,3.199383,9.707435,9.757619,29.604198
1,1,4,dynamic,32,0.033029,0.78678,0.601252,3.224831,2.313487,3.136218,9.752899,9.785092,29.641297
1,1,4,dynamic,32,0.031601,0.769744,0.602286,3.225865,2.335872,3.156313,9.772235,9.751895,29.653431
1,1,4,dynamic,64,0.03219,0.434005,0.526944,2.282146,1.46992,3.182515,9.627485,9.628754,27.191635
1,1,4,dynamic,64,0.031216,0.451699,0.518285,2.350031,1.487612,3.129744,9.605929,9.622321,27.204395
1,1,4,dynamic,64,0.031293,0.470614,0.506791,2.328005,1.489723,3.123213,9.929212,17.707699,35.594002
1,1,4,dynamic,64,0.030737,0.4614,0.495626,2.352723,1.492852,6.203289,14.810916,18.304281,44.15937
1,1,4,dynamic,64,0.015396,0.450395,0.479423,2.348097,1.503461,6.205676,17.481951,18.31935,46.810946
1,1,4,dynamic,128,0.01929,0.377,0.478964,2.056901,1.192573,3.82357,18.240671,17.883422,44.080036
1,1,4,dynamic,128,0.015571,0.389218,0.473289,2.07436,1.19613,5.193121,18.316803,15.94126,43.607284
1,1,4,dynamic,128,0.015229,0.386068,0.466448,2.06507,1.217187,6.195775,18.290912,15.173657,43.81864
1,1,4,dynamic,128,0.015556,0.386228,0.455193,2.04506,1.17784,5.982918,17.799981,17.609867,45.480228
1,1,4,dynamic,128,0.014872,0.39392,0.458894,2.064497,1.180443,5.967317,14.212492,9.70864,34.008805
1,1,4,dynamic,256,0.032351,0.373964,0.477281,1.963124,1.106624,3.199168,9.691499,9.585127,26.436622
1,1,4,dynamic,256,0.014757,0.360383,0.45204,1.976336,1.116393,3.129326,9.615972,16.310183,32.982832
1,1,4,dynamic,256,0.032093,0.368367,0.47366,1.975711,1.119614,5.718565,15.929795,17.694022,43.319341
1,1,4,dynamic,256,0.014749,0.360087,0.452481,1.96357,1.119765,6.216265,15.697948,18.335534,44.168192
1,1,4,dynamic,256,0.030921,0.364632,0.478798,1.973711,1.130714,6.205151,15.330215,18.252567,43.77437
1,1,4,dynamic,512,0.014534,0.365467,0.448653,1.938413,1.086894,5.297365,17.753974,18.392633,45.305234
1,1,4,dynamic,512,0.0154,0.365393,0.434837,1.926082,1.087408,4.646923,18.437749,16.994511,43.915757
1,1,4,dynamic,512,0.0148,0.380761,0.445673,1.931984,1.08982,5.456044,18.421427,15.859043,43.607125
1,1,4,dynamic,512,0.015791,0.38103,0.441342,2.049444,1.080244,6.20504,18.274156,15.156584,43.611258
1,1,4,dynamic,512,0.01471,0.352906,0.458771,1.943348,1.073978,6.215661,17.566042,17.68698,45.319887
1,1,4,dynamic,1024,0.016015,0.354005,0.450969,1.907212,1.045957,5.926903,14.615596,17.672695,41.996929
1,1,4,dynamic,1024,0.01624,0.363672,0.427383,1.897838,1.03449,6.058313,14.524223,18.071361,42.400972
1,1,4,dynamic,1024,0.030074,0.347439,0.47346,1.868713,1.049467,5.968385,14.145869,18.239131,42.130176
1,1,4,dynamic,1024,0.031184,0.367143,0.474201,1.899259,1.047073,5.956804,14.776032,18.142329,42.701544
1,1,4,dynamic,1024,0.016026,0.368326,0.449083,1.909317,1.012446,6.082372,16.138346,18.271421,44.254948
1,1,4,dynamic,2048,0.014489,0.366066,0.441602,1.872778,1.018629,4.928105,15.073849,18.174672,41.897645
1,1,4,dynamic,2048,0.015982,0.314714,0.439449,1.852956,1.031787,6.100018,13.460712,18.231282,41.454531
1,1,4,dynamic,2048,0.014552,0.36163,0.448099,1.891922,1.021036,6.071337,12.636333,18.012915,40.465435
1,1,4,dynamic,2048,0.015184,0.34925,0.430172,1.891662,0.993016,5.972797,11.928542,17.921633,39.509846
1,1,4,dynamic,2048,0.031272,0.342845,0.470485,1.880212,1.032241,5.991226,11.669669,17.488876,38.914439
1,1,4,dynamic,4096,0.015206,0.339913,0.436642,1.85192,0.971719,6.038002,13.935734,17.420387,41.017175
1,1,4,dynamic,4096,0.028486,0.353048,0.47294,1.866847,0.992454,6.088037,13.752895,17.43263,40.994942
1,1,4,dynamic,4096,0.015481,0.359431,0.456134,1.877303,1.004813,5.980662,13.658567,17.633172,40.99311
1,1,4,dynamic,4096,0.02858,0.333471,0.470136,1.85297,1.000581,5.989264,13.64722,17.480922,40.810669
1,1,4,dynamic,4096,0.015492,0.342109,0.452147,1.86399,1.003144,5.99644,13.626117,17.449235,40.75633
1,1,8,static,16,0.031232,0.294006,0.423516,1.444345,0.958663,5.971627,13.075983,16.782526,38.989524
1,1,8,static,16,0.015783,0.441606,0.423005,1.523003,0.975135,5.632936,15.775744,17.509965,42.304636
1,1,8,static,16,0.028419,0.294572,0.456546,1.502275,1.0148,6.04077,15.918998,18.455157,43.718852
1,1,8,static,16,0.015554,0.283823,0.398869,1.535559,0.970396,6.205443,14.608998,18.185669,42.211814
1,1,8,static,16,0.014677,0.264557,0.419376,1.56617,1.006386,6.205051,15.338714,18.203352,43.026014
1,1,8,static,32,0.032139,0.275703,0.43372,1.443417,0.922408,5.458416,17.605774,18.116421,44.295627
1,1,8,static,32,0.01501,0.272511,0.417114,1.433363,0.94532,3.301736,17.569952,18.149593,42.112146
1,1,8,static,32,0.029532,0.26798,0.441667,1.433546,0.93247,5.373482,18.466749,17.54665,44.499809
1,1,8,static,32,0.032181,0.267098,0.44663,1.538298,0.943119,5.104852,18.075308,15.721808,42.136938
1,1,8,static,32,0.01823,0.270349,0.417149,1.435093,0.877809,5.355414,18.064962,15.835718,42.282379
1,1,8,static,64,0.031275,0.245749,0.435166,1.39254,0.877835,6.227823,18.14004,14.667994,42.026616
1,1,8,static,64,0.03089,0.243377,0.453471,1.412968,0.898947,6.197093,18.133061,14.861321,42.238736
1,1,8,static,64,0.031187,0.247959,0.442653,1.404148,0.962856,6.192504,17.911989,17.047099,44.248073
1,1,8,static,64,0.030771,0.24624,0.462436,1.394021,0.910574,5.680394,15.771697,17.59988,42.10445
1,1,8,static,64,0.028518,0.250766,0.462051,1.376323,0.928671,6.008811,15.675992,17.945176,42.683793
1,1,8,static,128,0.029332,0.236962,0.431187,1.36066,0.863327,6.20611,14.932373,18.101194,42.168701
1,1,8,static,128,0.015085,0.214742,0.417769,1.38166,0.865839,6.218727,14.374161,18.134982,41.631187
1,1,8,static,128,0.018938,0.210882,0.43628,1.389281,0.876787,6.199972,15.421288,18.174805,42.735819
1,1,8,static,128,0.03135,0.232293,0.440513,1.389793,0.900857,5.487226,17.295021,18.157758,43.942521
1,1,8,static,128,0.016076,0.242502,0.411911,1.378459,0.855492,3.695942,15.994422,18.128779,40.731306
1,1,8,static,256,0.015095,0.239971,0.41325,1.345104,0.843425,5.002405,14.654909,18.156087,40.677771
1,1,8,static,256,0.01514,0.196372,0.40059,1.355497,0.867715,6.289428,13.274025,18.126501,40.532839
1,1,8,static,256,0.015054,0.22438,0.403209,1.310092,0.854073,6.200375,12.648186,18.108189,39.771267
1,1,8,static,256,0.018168,0.212924,0.436014,1.338752,0.85107,6.207139,13.580459,17.742645,40.39491
1,1,8,static,256,0.014898,0.242445,0.417007,1.367707,0.859603,6.213776,11.560262,17.529069,38.212397
1,1,8,static,512,0.030622,0.240579,0.43662,1.355098,0.852904,5.705656,16.044028,17.818998,42.492203
1,1,8,static,512,0.014536,0.226436,0.389236,1.340171,0.870577,6.201167,15.303627,17.885292,42.238672
1,1,8,static,512,0.02926,0.218545,0.414779,1.353028,0.852905,6.223431,14.927314,17.918779,41.945684
1,1,8,static,512,0.014533,0.238173,0.410995,1.335509,0.860647,6.213421,16.192725,17.94102,43.214758
1,1,8,static,512,0.029591,0.207048,0.431193,1.344951,0.859273,4.949973,17.555935,18.220284,43.605884
1,1,8,static,1024,0.033113,0.269129,0.437497,1.31903,0.849557,6.209241,18.148277,15.209821,42.483398
1,1,8,static,1024,0.029265,0.242733,0.443892,1.323925,0.841589,6.195063,17.836265,14.822652,41.743217
1,1,8,static,1024,0.031177,0.237329,0.423346,1.325877,0.838557,6.212523,17.681063,15.121579,41.87902
1,1,8,static,1024,0.032021,0.236178,0.408772,1.34566,0.815243,6.185236,18.083142,16.631779,43.745665
1,1,8,static,1024,0.031276,0.236584,0.424314,1.346781,0.832831,5.290318,16.605816,18.404384,43.180084
1,1,8,static,2048,0.029934,0.238166,0.452455,1.346099,0.833506,6.199654,18.657425,18.750413,46.515422
1,1,8,static,2048,0.015005,0.236017,0.410047,1.307044,0.832668,6.184233,18.635516,17.806705,45.434866
1,1,8,static,2048,0.015391,0.276974,0.415787,1.304108,0.851452,4.112327,18.554905,18.63847,44.17721
1,1,8,static,2048,0.03121,0.237338,0.434819,1.326606,0.832044,6.220475,18.309345,18.622522,46.021954
1,1,8,static,2048,0.029457,0.234693,0.440977,1.322088,0.833374,6.198232,18.622931,18.320757,46.010023
1,1,8,static,4096,0.014506,0.232832,0.408092,1.328505,0.806324,5.046431,16.4875,18.370833,42.702602
1,1,8,static,4096,0.018521,0.232468,0.418086,1.337893,0.822705,6.194025,18.666922,18.648394,46.346583
1,1,8,static,4096,0.028614,0.235168,0.439066,1.305176,0.811263,6.200154,18.506851,15.7437,43.277672
1,1,8,static,4096,0.0292,0.237062,0.440614,1.322191,0.862437,6.198873,18.689076,18.67097,46.458288
1,1,8,static,4096,0.030635,0.243688,0.441175,1.314732,0.818446,6.208485,18.69195,18.298035,46.054806
1,1,8,guided,16,0.018409,0.195087,0.394587,1.326491,0.81255,6.193851,16.029207,18.133244,43.111165
1,1,8,guided,16,0.031242,0.195855,0.406078,1.330686,0.788146,6.212757,18.11754,18.093715,45.183585
1,1,8,guided,16,0.032248,0.202061,0.431755,1.325981,0.801403,6.218957,15.713037,18.542282,43.275263
1,1,8,guided,16,0.030347,0.200175,0.419385,1.337333,0.749539,6.207309,18.580315,18.663416,46.195414
1,1,8,guided,16,0.015865,0.197565,0.394223,1.304361,0.787242,5.882099,18.670492,18.583938,45.843244
1,1,8,guided,32,0.014568,0.198594,0.394318,1.306347,0.817234,6.220629,18.628918,18.6167,46.204868
1,1,8,guided,32,0.029464,0.199601,0.415758,1.328382,0.786863,6.213171,18.538315,15.662158,43.181313
1,1,8,guided,32,0.031416,0.20086,0.431911,1.34187,0.768578,6.194173,18.631393,18.598755,46.206488
1,1,8,guided,32,0.029902,0.204123,0.423786,1.350762,0.806227,6.186416,18.611338,18.66715,46.287369
1,1,8,guided,32,0.02845,0.194335,0.424371,1.350912,0.809271,6.200587,18.503477,18.6153,46.134218
1,1,8,guided,64,0.032156,0.20018,0.417255,1.361327,0.820978,6.240754,18.168343,18.679955,45.928588
1,1,8,guided,64,0.028575,0.194299,0.421933,1.294425,0.798551,6.209696,18.05678,11.007609,38.019493
1,1,8,guided,64,0.029254,0.20366,0.418912,1.337687,0.836192,6.23259,18.295437,10.659981,38.021195
1,1,8,guided,64,0.028716,0.196027,0.390886,1.264947,0.776704,3.200413,9.593146,9.515011,24.973445
1,1,8,guided,64,0.016001,0.202402,0.395043,1.325458,0.807098,3.183563,9.420932,9.420967,24.779428
1,1,8,guided,128,0.030516,0.192757,0.419079,1.309857,0.798895,3.192931,9.456135,9.489915,24.89753
1,1,8,guided,128,0.015342,0.192415,0.389352,1.309162,0.820816,3.18847,9.601765,9.594005,25.119942
1,1,8,guided,128,0.01745,0.203144,0.432078,1.321327,0.809502,3.235733,9.603673,9.654118,25.285038
1,1,8,guided,128,0.028587,0.196883,0.419198,1.339322,0.777459,3.161507,9.519483,9.481885,24.932644
1,1,8,guided,128,0.030719,0.194115,0.401641,1.351753,0.804762,3.186641,9.538401,9.543636,25.059166
1,1,8,guided,256,0.015198,0.197126,0.397968,1.321513,0.814836,3.180566,15.934159,18.108794,39.977921
1,1,8,guided,256,0.028496,0.189291,0.421785,1.326822,0.828714,3.729052,9.620071,9.625464,25.77715
1,1,8,guided,256,0.015546,0.194371,0.389918,1.299497,0.8249,3.123971,9.532623,9.571987,24.960333
1,1,8,guided,256,0.014892,0.198538,0.393702,1.320367,0.80929,3.190141,9.451471,9.451063,24.837069
1,1,8,guided,256,0.028696,0.171712,0.430714,1.301567,0.801742,3.19636,9.590792,9.622771,25.15157
1,1,8,guided,512,0.015322,0.198198,0.36129,1.290551,0.810115,3.132687,9.591361,9.619856,25.027126
1,1,8,guided,512,0.017405,0.197183,0.419044,1.289898,0.781345,3.188979,9.476316,9.49087,24.868775
1,1,8,guided,512,0.028561,0.196327,0.417208,1.329308,0.80811,3.200978,10.425514,10.035817,26.449432
1,1,8,guided,512,0.031861,0.21355,0.428944,1.277528,0.796096,3.472482,10.52773,10.630594,27.386382
1,1,8,guided,512,0.028506,0.198995,0.430723,1.308817,0.806165,3.470161,9.560977,9.570054,25.382165
1,1,8,guided,1024,0.028472,0.214338,0.414563,1.31909,0.8038,3.187745,9.498192,9.495396,24.969156
1,1,8,guided,1024,0.014631,0.198514,0.403267,1.338141,0.795735,3.198005,9.446341,10.39032,25.792521
1,1,8,guided,1024,0.014563,0.193304,0.396236,1.360469,0.810379,4.882967,15.652136,15.576359,38.894059
1,1,8,guided,1024,0.029098,0.199504,0.43573,1.320865,0.856177,5.273291,15.658871,13.048211,36.829424
1,1,8,guided,1024,0.014665,0.194086,0.394728,1.346262,0.791744,6.00372,12.850998,14.092559,35.696455
1,1,8,guided,2048,0.014997,0.199137,0.393687,1.346652,0.80313,5.984685,12.944029,16.772202,38.466196
1,1,8,guided,2048,0.01518,0.198601,0.413193,1.360068,0.818985,5.491634,14.297378,17.326646,39.929191
1,1,8,guided,2048,0.029735,0.195338,0.423943,1.353509,0.737401,4.544252,15.16323,17.40343,39.858525
1,1,8,guided,2048,0.017653,0.196252,0.39749,1.338659,0.809088,3.642941,16.051848,16.555175,39.016753
1,1,8,guided,2048,0.033001,0.19359,0.410363,1.32955,0.785196,3.187693,9.617855,9.582236,25.147145
1,1,8,guided,4096,0.015207,0.218808,0.40391,1.368209,0.817475,3.194146,9.450897,9.444182,24.920436
1,1,8,guided,4096,0.032208,0.188584,0.424612,1.332676,0.801007,3.179969,9.60449,9.612379,25.183639
1,1,8,guided,4096,0.029744,0.202066,0.411914,1.337351,0.771099,3.188574,9.601276,9.647699,25.197277
1,1,8,guided,4096,0.031978,0.196014,0.416819,1.364383,0.789328,3.212534,9.487352,9.532893,25.038908
1,1,8,guided,4096,0.028861,0.199838,0.423927,1.348239,0.788772,3.187223,9.507157,9.500361,24.991986
1,1,8,dynamic,16,0.032441,0.83442,0.613528,3.049897,2.62976,3.193096,9.726565,9.824154,29.911625
1,1,8,dynamic,16,0.028803,0.775674,0.620012,3.031155,2.641008,3.150541,9.772772,9.777088,29.804667
1,1,8,dynamic,16,0.015425,0.774817,0.573827,3.030568,2.616223,3.208727,9.807094,9.784711,29.819252
1,1,8,dynamic,16,0.014737,0.779699,0.577846,3.031242,2.615613,3.149802,9.781603,9.794682,29.752973
1,1,8,dynamic,16,0.031191,0.781198,0.600754,3.028625,2.62456,3.163102,9.794769,9.770266,29.802139
1,1,8,dynamic,32,0.032115,0.566625,0.530068,2.279348,1.846596,3.183623,9.7468,9.712892,27.905822
1,1,8,dynamic,32,0.031983,0.573876,0.530104,2.334291,1.855551,3.182713,9.668799,9.678539,27.863449
1,1,8,dynamic,32,0.028638,0.572407,0.518882,2.327353,1.837099,3.171905,9.665946,9.692109,27.82212
1,1,8,dynamic,32,0.029561,0.572557,0.513314,2.325776,1.873872,3.153757,9.634316,9.776298,27.887152
1,1,8,dynamic,32,0.030784,0.569162,0.513106,2.300707,1.865397,3.150185,9.603222,9.655029,27.695307
1,1,8,dynamic,64,0.018317,0.367266,0.448854,1.791777,1.213624,3.165704,9.544555,9.544775,26.102522
1,1,8,dynamic,64,0.015169,0.371251,0.466038,1.779331,1.265415,3.192526,9.649526,9.531142,26.277995
1,1,8,dynamic,64,0.014705,0.37308,0.458423,1.765992,1.265447,3.190936,9.722111,9.683862,26.482242
1,1,8,dynamic,64,0.028573,0.369071,0.477597,1.779162,1.233924,3.189628,9.621317,9.650515,26.357366
1,1,8,dynamic,64,0.03051,0.370778,0.479745,1.781745,1.230638,3.165536,9.580856,9.607172,26.252167
1,1,8,dynamic,128,0.029835,0.299285,0.458951,1.59038,1.044819,3.127228,9.522492,9.487509,25.568148
1,1,8,dynamic,128,0.028798,0.28751,0.466194,1.593348,1.035076,3.203398,9.662805,9.688622,25.973619
1,1,8,dynamic,128,0.028858,0.295013,0.43958,1.570058,1.017927,3.183083,9.595814,9.716911,25.855004
1,1,8,dynamic,128,0.03113,0.30172,0.446867,1.586434,1.024244,3.190608,9.541632,9.551497,25.682163
1,1,8,dynamic,128,0.031153,0.289935,0.456771,1.606729,1.027269,3.210966,9.528146,9.545881,25.7051
1,1,8,dynamic,256,0.028464,0.275293,0.445717,1.518598,0.940318,3.194913,9.651676,9.637925,25.700591
1,1,8,dynamic,256,0.033136,0.284011,0.447616,1.50977,0.975804,3.190251,9.568754,9.593923,25.610969
1,1,8,dynamic,256,0.017866,0.28001,0.429636,1.497416,0.932714,3.19956,9.490132,9.491259,25.34613
1,1,8,dynamic,256,0.014757,0.277992,0.409865,1.497107,0.963776,3.181891,9.643566,9.64668,25.643595
1,1,8,dynamic,256,0.015872,0.274965,0.414315,1.521382,0.952729,3.188563,9.668152,9.660076,25.70372
1,1,8,dynamic,512,0.014733,0.253329,0.407154,1.490524,0.920611,3.161367,9.532412,9.534863,25.322644
1,1,8,dynamic,512,0.031205,0.259101,0.442062,1.504808,0.918616,3.207078,9.492433,9.500287,25.363256
1,1,8,dynamic,512,0.029304,0.262185,0.443585,1.499365,0.933136,3.175654,9.519185,9.609861,25.479838
1,1,8,dynamic,512,0.028774,0.25522,0.425206,1.490571,0.932288,3.204205,9.678448,9.76369,25.785942
1,1,8,dynamic,512,0.028563,0.27008,0.445682,1.488625,0.929102,4.776431,16.616066,18.337733,42.89991
1,1,8,dynamic,1024,0.02879,0.250676,0.429312,1.469978,0.895915,5.145292,16.906779,18.134125,43.268464
1,1,8,dynamic,1024,0.01549,0.249638,0.417022,1.439582,0.888123,5.398215,17.188697,18.258441,43.862812
1,1,8,dynamic,1024,0.031335,0.249102,0.429137,1.439632,0.910379,5.812902,17.498992,18.496997,44.876311
1,1,8,dynamic,1024,0.029301,0.251832,0.449576,1.445765,0.897934,6.132209,17.934955,18.364139,45.513249
1,1,8,dynamic,1024,0.028626,0.249315,0.443749,1.457655,0.882238,5.92089,18.110487,18.217737,45.318249
1,1,8,dynamic,2048,0.029354,0.237362,0.432309,1.437355,0.857521,5.691026,18.437014,17.881111,45.010648
1,1,8,dynamic,2048,0.028878,0.247978,0.423805,1.422412,0.867613,5.419117,18.727739,17.741196,44.886205
1,1,8,dynamic,2048,0.031852,0.246373,0.44012,1.425428,0.878886,5.317736,18.49737,17.498054,44.343404
1,1,8,dynamic,2048,0.031227,0.2473,0.437114,1.426703,0.864381,4.972617,18.218903,17.398217,43.604078
1,1,8,dynamic,2048,0.032092,0.245013,0.43119,1.433623,0.872917,4.700152,18.265279,15.782831,41.770451
1,1,8,dynamic,4096,0.015062,0.230564,0.417582,1.402107,0.852121,4.714279,18.186649,15.921098,41.747106
1,1,8,dynamic,4096,0.018336,0.244796,0.421176,1.390009,0.86256,6.230977,18.21616,15.446714,42.838386
1,1,8,dynamic,4096,0.031285,0.230984,0.427533,1.407167,0.846734,6.198695,18.108673,14.337975,41.596731
1,1,8,dynamic,4096,0.029265,0.230908,0.441462,1.389367,0.851339,6.212641,18.185973,14.415089,41.763651
1,1,8,dynamic,4096,0.031565,0.231781,0.436952,1.385711,0.803895,6.188145,18.343527,15.869792,43.299116
1,1,16,static,16,0.015884,0.264036,0.429446,1.385292,0.950601,6.045197,16.880812,17.031943,43.011438
1,1,16,static,16,0.028856,0.272932,0.455903,1.421039,0.923697,5.742277,15.908283,17.145814,41.906541
1,1,16,static,16,0.018347,0.276206,0.45788,1.354588,0.918765,6.238697,15.944854,18.124587,43.341555
1,1,16,static,16,0.01751,0.28383,0.460516,1.420194,0.931383,6.201501,14.731735,18.165594,42.219489
1,1,16,static,16,0.01549,0.280529,0.434489,1.422391,0.926868,6.205712,15.004796,18.28411,42.582134
1,1,16,static,32,0.028476,0.257485,0.446992,1.346105,0.973772,5.79761,17.331513,18.194888,44.384511
1,1,16,static,32,0.031952,0.248079,0.446252,1.346982,0.93855,3.52937,17.452405,18.252337,42.253775
1,1,16,static,32,0.028747,0.251018,0.45053,1.354876,0.992594,5.245027,18.833455,17.600498,44.764363
1,1,16,static,32,0.03214,0.237069,0.445764,1.367407,0.956156,4.952837,18.295096,15.963222,42.258163
1,1,16,static,32,0.017795,0.243919,0.426531,1.353594,0.95009,5.484396,18.238439,15.946767,42.669712
1,1,16,static,64,0.032894,0.200744,0.43551,1.288704,0.909093,6.192312,18.271661,14.737983,42.076578
1,1,16,static,64,0.030767,0.217466,0.423965,1.27643,0.914832,6.197326,18.208045,14.965187,42.241685
1,1,16,static,64,0.029063,0.214795,0.439484,1.264737,0.896508,6.19754,17.952764,17.28656,44.289004
1,1,16,static,64,0.028476,0.211838,0.437402,1.281452,0.904429,5.628565,15.920965,17.64943,42.07027
1,1,16,static,64,0.031246,0.218837,0.437415,1.29209,0.895329,6.207789,15.932538,18.581247,43.604225
1,1,16,static,128,0.015893,0.218683,0.430465,1.221129,0.848701,6.211207,14.904384,18.25278,42.110763
1,1,16,static,128,0.015955,0.200461,0.400023,1.222377,0.884502,6.220798,15.275842,18.147407,42.3751
1,1,16,static,16,0.034113,0.278833,0.464941,1.398708,0.94047,3.204548,9.702076,9.711351,25.74334
1,1,16,static,16,0.030928,0.28313,0.457234,1.386212,0.928067,3.225211,9.726017,9.700388,25.744776
1,1,16,static,16,0.033606,0.295462,0.440343,1.396385,0.938501,3.26456,12.793706,18.11451,37.284843
1,1,16,static,16,0.029254,0.288178,0.447103,1.413109,0.96094,6.197718,12.893686,18.202727,40.440498
1,1,16,static,16,0.015096,0.283572,0.410232,1.379487,0.968097,6.21463,11.811913,9.693531,30.78495
1,1,16,static,32,0.033515,0.246525,0.439253,1.363336,0.965134,4.726983,16.632218,18.208484,42.622952
1,1,16,static,32,0.03019,0.255688,0.428509,1.377522,0.95804,3.190157,9.699696,9.733331,25.68081
1,1,16,static,32,0.015638,0.244928,0.423884,1.373614,0.936307,3.220424,9.731814,9.735357,25.689458
1,1,16,static,32,0.031325,0.234014,0.463546,1.332774,0.973656,4.43954,16.229218,18.102606,41.814063
1,1,16,static,32,0.03039,0.24353,0.45161,1.370019,0.976647,3.173915,9.726786,9.697788,25.679153
1,1,16,static,64,0.015378,0.214812,0.415055,1.290425,0.898281,3.186983,9.672666,9.701925,25.403111
1,1,16,static,64,0.014882,0.215287,0.417713,1.300358,0.892404,4.692255,9.862146,19.617905,37.020562
1,1,16,static,64,0.016587,0.208138,0.420441,1.281464,0.891484,6.26885,15.956421,17.780891,42.831997
1,1,16,static,64,0.033758,0.219842,0.440524,1.294159,0.897204,6.285015,15.931526,18.757856,43.868187
1,1,16,static,64,0.016341,0.208411,0.416407,1.307595,0.901849,6.213801,14.953873,17.977909,42.003733
1,1,16,static,128,0.015487,0.214644,0.405238,1.232665,0.849491,6.214765,15.198586,18.038999,42.177526
1,1,16,static,128,0.030349,0.209475,0.420209,1.24264,0.860017,6.072519,9.865555,14.48661,33.195668
1,1,16,static,128,0.015681,0.19363,0.418021,1.241298,0.842987,6.205512,21.286501,25.84876,56.060078
1,1,16,static,128,0.016059,0.212628,0.429636,1.254289,0.87009,9.18868,21.196533,12.666896,45.842519
1,1,16,static,128,0.031011,0.20145,0.439996,1.234569,0.839776,6.533209,18.087914,14.353812,41.729567
1,1,16,static,256,0.032784,0.195306,0.4161,1.2252,0.825285,6.202702,18.057707,13.66956,40.632339
1,1,16,static,256,0.033932,0.196628,0.441214,1.215472,0.830274,5.894199,18.09139,13.329453,40.040265
1,1,16,static,256,0.016855,0.204957,0.399487,1.244464,0.855188,5.914513,18.350901,17.467385,44.461389
1,1,16,static,256,0.016898,0.198231,0.388222,1.223831,0.832791,5.488558,16.867932,18.105369,43.129493
1,1,16,static,256,0.017144,0.20131,0.419528,1.222034,0.835731,3.200853,9.6691,9.666791,25.240075
1,1,16,static,512,0.031086,0.203447,0.425798,1.197231,0.821221,4.411387,16.094758,18.041667,41.234222
1,1,16,static,512,0.030816,0.190306,0.404469,1.19359,0.835485,3.187972,9.691661,9.652545,25.194512
1,1,16,static,512,0.032035,0.189745,0.410907,1.186823,0.812461,3.283912,12.832582,17.802951,36.559479
1,1,16,static,512,0.028908,0.194035,0.410582,1.233673,0.812806,6.260161,15.21254,17.735586,41.896068
1,1,16,static,512,0.032355,0.187784,0.437569,1.19313,0.794129,5.932155,12.464201,16.894475,37.943391
1,1,16,static,1024,0.018024,0.204187,0.433706,1.176154,0.795528,5.689489,16.255499,16.964091,41.544407
1,1,16,static,1024,0.029493,0.186205,0.449315,1.18598,0.781672,6.10367,15.616243,16.923806,41.284057
1,1,16,static,1024,0.030491,0.193843,0.407853,1.169481,0.78737,5.742481,14.366758,9.670235,32.37642
1,1,16,static,1024,0.017676,0.181683,0.416503,1.186153,0.776974,5.917827,18.1159,16.900907,43.552602
1,1,16,static,1024,0.014627,0.191936,0.413921,1.196109,0.795964,5.174154,17.999007,15.727169,41.533246
1,1,16,static,2048,0.015957,0.202886,0.408368,1.207396,0.801599,5.937374,17.748122,17.247084,43.576329
1,1,16,static,2048,0.015913,0.192788,0.398192,1.190735,0.772206,4.806104,9.870456,18.815809,36.069656
1,1,16,static,2048,0.031195,0.193894,0.442009,1.186499,0.761697,6.204033,11.853894,9.682944,30.363823
1,1,16,static,2048,0.015378,0.199478,0.414195,1.178607,0.78477,5.45077,14.64106,17.407239,40.099814
1,1,16,static,2048,0.014685,0.192161,0.425289,1.159783,0.759108,6.231983,9.607894,9.718734,28.1172
1,1,16,static,4096,0.016035,0.183902,0.401957,1.161475,0.803781,3.168053,9.522938,9.523801,24.789544
1,1,16,static,4096,0.014699,0.199149,0.394275,1.213589,0.776225,3.20412,9.485162,9.465895,24.760758
1,1,16,static,4096,0.016075,0.187532,0.381114,1.166978,0.777846,3.194254,9.671189,9.715165,25.117822
1,1,16,static,4096,0.017662,0.188883,0.454526,1.159163,0.743474,3.198448,9.579382,9.608043,24.957203
1,1,16,static,4096,0.014784,0.208853,0.392151,1.147903,0.795276,3.195931,9.56425,9.510647,24.837434
1,1,16,guided,16,0.014671,0.167447,0.37172,1.071628,0.738752,3.16828,9.403109,9.420717,24.363893
1,1,16,guided,16,0.017342,0.175644,0.398386,1.08269,0.740798,3.179068,9.588701,9.62963,24.819829
1,1,16,guided,16,0.014523,0.169473,0.392957,1.025704,0.733757,3.180432,9.555687,9.565503,24.645732
1,1,16,guided,16,0.031983,0.173693,0.422567,1.102949,0.760231,3.177431,9.470543,9.482306,24.629372
1,1,16,guided,16,0.029936,0.179844,0.402279,1.060276,0.7443,3.180059,9.394091,9.417305,24.415634
1,1,16,guided,32,0.033204,0.177593,0.42098,1.090103,0.756695,3.5311,11.011451,9.581667,26.610444
1,1,16,guided,32,0.017344,0.168926,0.424466,1.08265,0.728877,3.181428,9.600409,12.555921,27.767599
1,1,16,guided,32,0.030969,0.191343,0.410158,1.098099,0.693269,3.162151,9.50295,9.442882,24.539485
1,1,16,guided,32,0.028677,0.183155,0.412007,1.051626,0.718905,3.182513,11.231116,16.66268,33.479027
1,1,16,guided,32,0.033061,0.18298,0.394611,1.04664,0.717427,5.740572,14.439071,9.563423,32.125394
1,1,16,guided,64,0.014552,0.186333,0.355278,1.090708,0.732857,3.192631,9.53294,9.442267,24.555354
1,1,16,guided,64,0.031971,0.164892,0.387716,1.08987,0.716795,3.25509,9.446365,9.427418,24.527765
1,1,16,guided,64,0.028149,0.185372,0.429613,1.037424,0.710773,3.228573,9.412787,9.576907,24.617242
1,1,16,guided,64,0.030632,0.175666,0.449179,1.134242,0.731933,3.179765,9.567999,9.550132,24.827224
1,1,16,guided,64,0.01618,0.185105,0.398362,1.081509,0.720352,3.180251,9.457775,9.446475,24.494267
1,1,16,guided,128,0.016749,0.181612,0.395618,1.089925,0.759012,3.180058,9.524629,9.524683,24.680589
1,1,16,guided,128,0.014776,0.171784,0.394234,1.064786,0.741717,3.17573,9.435576,9.624168,24.630453
1,1,16,guided,128,0.015762,0.169382,0.386577,1.107473,0.746829,3.185851,9.507176,9.537245,24.664009
1,1,16,guided,128,0.014804,0.171572,0.387896,1.107163,0.717501,3.193796,9.455645,9.446742,24.502554
1,1,16,guided,128,0.014516,0.175015,0.400747,1.061544,0.720224,3.17271,9.497787,9.574908,24.625708
1,1,16,guided,256,0.029931,0.171132,0.406503,1.07019,0.730167,3.179919,9.426818,9.629142,24.651452
1,1,16,guided,256,0.014606,0.170199,0.359364,1.103673,0.721655,3.19127,9.492812,12.558504,27.619733
1,1,16,guided,256,0.014822,0.177996,0.38125,1.134393,0.756864,6.210357,17.192742,11.879886,37.755934
1,1,16,guided,256,0.014611,0.167043,0.386506,1.085899,0.72772,3.212836,9.599792,9.517582,24.719544
1,1,16,guided,256,0.032192,0.16882,0.411595,1.066336,0.718288,3.192018,10.710853,11.464534,27.772134
1,1,16,guided,512,0.014766,0.192069,0.382734,1.087877,0.744728,6.220861,15.168357,12.276566,36.095554
1,1,16,guided,512,0.018328,0.161332,0.401991,1.087737,0.738363,3.196096,9.599304,9.611453,24.822089
1,1,16,guided,512,0.03065,0.179846,0.435531,1.133096,0.724105,3.184897,9.490541,9.549486,24.736416
1,1,16,guided,512,0.033471,0.185428,0.40073,1.108141,0.743693,3.2058,9.406251,9.422948,24.514729
1,1,16,guided,512,0.016107,0.173123,0.377385,1.098384,0.682876,3.189273,9.60822,9.586146,24.739245
1,1,16,guided,1024,0.014758,0.188625,0.394978,1.090103,0.732944,5.027389,17.357319,20.050504,44.864163
1,1,16,guided,1024,0.032694,0.177712,0.403949,1.089194,0.755581,3.20017,9.596831,9.559342,24.823114
1,1,16,guided,1024,0.028085,0.170314,0.406355,1.076358,0.734243,3.200389,9.481131,9.452995,24.557516
1,1,16,guided,1024,0.028572,0.176947,0.454014,1.067922,0.730726,3.184847,9.425779,9.575954,24.65241
1,1,16,guided,1024,0.018362,0.172627,0.393836,1.110425,0.722154,3.199156,9.571734,10.200142,25.396705
1,1,16,guided,2048,0.019316,0.160947,0.396431,1.126851,0.757444,3.854944,9.805225,9.554265,25.683108
1,1,16,guided,2048,0.017868,0.149603,0.399818,1.077268,0.719233,3.179969,9.436268,9.474375,24.461539
1,1,16,guided,2048,0.02962,0.17943,0.396423,1.106993,0.713426,3.194452,9.613265,9.586855,24.828084
1,1,16,guided,2048,0.031188,0.168851,0.4122,1.093294,0.754243,3.198073,9.612559,9.57005,24.848175
1,1,16,guided,2048,0.031216,0.184769,0.410355,1.084974,0.722973,3.2003,9.482195,9.455963,24.580599
1,1,16,guided,4096,0.029267,0.190489,0.417642,1.040296,0.75847,3.190731,9.443104,9.439073,24.517365
1,1,16,guided,4096,0.028913,0.178951,0.39944,1.105169,0.722842,3.179068,9.532139,9.560062,24.714596
1,1,16,guided,4096,0.028524,0.182968,0.414176,1.132763,0.704996,3.187455,12.564542,17.775175,35.997586
1,1,16,guided,4096,0.015425,0.171468,0.390811,1.125514,0.728566,6.211774,11.52339,9.573573,29.748736
1,1,16,guided,4096,0.014756,0.161155,0.404387,1.122299,0.727532,3.171982,12.55194,16.225462,34.387103
1,1,16,dynamic,16,0.020167,0.751815,0.561371,2.967488,2.438621,5.072561,12.647538,9.85256,34.320485
1,1,16,dynamic,16,0.014723,0.789554,0.575875,2.957673,2.441531,3.208749,9.824347,9.909105,29.729071
1,1,16,dynamic,16,0.018287,0.75421,0.544902,2.974235,2.442543,3.178808,9.87657,9.825125,29.622361
1,1,16,dynamic,16,0.032646,0.751387,0.561303,2.935575,2.443445,3.189643,9.841432,9.847607,29.610801
1,1,16,dynamic,16,0.03236,0.75707,0.570545,2.973959,2.44393,3.189093,9.826307,9.831127,29.631954
1,1,16,dynamic,32,0.030947,0.55448,0.517501,2.39392,1.835026,3.173525,9.706048,9.79428,28.013353
1,1,16,dynamic,32,0.029667,0.553847,0.509032,2.398639,1.828225,3.192292,9.813641,9.791979,28.125693
1,1,16,dynamic,32,0.031211,0.551661,0.51834,2.398605,1.81827,3.211975,9.682108,9.767523,27.987382
1,1,16,dynamic,32,0.032432,0.551563,0.47902,2.387252,1.832483,3.172161,9.734564,9.736406,27.933479
1,1,16,dynamic,32,0.028837,0.557925,0.508212,2.400193,1.838106,3.146623,9.729156,9.733848,27.950637
1,1,16,dynamic,64,0.029617,0.409696,0.490851,1.981016,1.385976,3.137182,9.615828,9.670959,26.728814
1,1,16,dynamic,64,0.03195,0.416453,0.496195,1.983271,1.388249,3.155878,9.588551,9.632626,26.700775
1,1,16,dynamic,64,0.029106,0.414219,0.482591,1.979565,1.392509,3.200285,9.653724,9.667024,26.827311
1,1,16,dynamic,64,0.028456,0.410615,0.485857,1.953369,1.377119,3.147155,9.772399,9.753227,26.935937
1,1,16,dynamic,64,0.028529,0.414905,0.476625,1.969447,1.415276,3.172756,9.806746,9.803817,27.095602
1,1,16,dynamic,128,0.03217,0.35158,0.470751,1.796433,1.171552,3.180664,9.665943,9.668318,26.345182
1,1,16,dynamic,128,0.014742,0.353365,0.445552,1.778471,1.16604,3.187402,9.59717,9.616052,26.166368
1,1,16,dynamic,128,0.015001,0.348592,0.449044,1.81152,1.160381,3.167296,9.638083,9.624368,26.22245
1,1,16,dynamic,128,0.017253,0.354632,0.432657,1.806023,1.165988,3.196801,9.743227,9.761741,26.486039
1,1,16,dynamic,128,0.031253,0.352662,0.479349,1.792031,1.151917,3.167928,12.767796,18.878876,38.630161
1,1,16,dynamic,256,0.029548,0.329854,0.450304,1.679181,1.104484,5.746746,13.61844,9.777037,32.743644
1,1,16,dynamic,256,0.028648,0.327389,0.461401,1.754127,1.11183,3.18074,9.763962,9.66924,26.305088
1,1,16,dynamic,256,0.029714,0.326729,0.459599,1.769184,1.110001,3.150509,9.663191,9.616483,26.133058
1,1,16,dynamic,256,0.031292,0.32666,0.433692,1.755224,1.104766,3.185327,9.59552,9.557822,25.99789
1,1,16,dynamic,256,0.028477,0.328599,0.450054,1.74199,1.110081,3.148297,9.589223,9.737923,26.141873
1,1,16,dynamic,512,0.02889,0.320616,0.450972,1.732015,1.086493,3.200167,9.712359,9.769308,26.30818
1,1,16,dynamic,512,0.028969,0.31576,0.448034,1.734625,1.068414,3.187473,9.642017,9.705085,26.1379
1,1,16,dynamic,512,0.032028,0.315591,0.454455,1.701115,1.06791,3.188494,9.597958,9.58651,25.95176
1,1,16,dynamic,512,0.0304,0.313342,0.410451,1.708733,1.073463,3.225627,9.614225,9.73255,26.116305
1,1,16,dynamic,512,0.015127,0.316514,0.393774,1.729623,1.076403,3.189164,9.542043,9.736284,26.006723
1,1,16,dynamic,1024,0.031182,0.268818,0.443571,1.661555,1.052949,3.189768,9.633286,9.622019,25.910785
1,1,16,dynamic,1024,0.028595,0.307571,0.44433,1.663719,1.057858,3.182322,9.607145,9.566253,25.865755
1,1,16,dynamic,1024,0.029642,0.306685,0.452322,1.716932,1.060598,3.199301,9.599583,9.723518,26.096144
1,1,16,dynamic,1024,0.01733,0.307289,0.445406,1.704164,1.065551,3.205,9.564919,9.727142,26.044419
1,1,16,dynamic,1024,0.028394,0.310697,0.457656,1.652666,1.04972,3.196909,9.651263,9.615316,25.970202
1,1,16,dynamic,2048,0.033275,0.306335,0.441611,1.659472,1.054251,3.192577,9.606294,9.534821,25.836144
1,1,16,dynamic,2048,0.030903,0.303378,0.45225,1.669304,1.053389,3.191577,9.645153,9.789401,26.142925
1,1,16,dynamic,2048,0.018525,0.300742,0.432174,1.660862,1.042915,3.253199,9.568577,9.73343,26.017933
1,1,16,dynamic,2048,0.028417,0.304807,0.445731,1.620399,1.044153,3.213558,9.625419,9.625526,25.915498
1,1,16,dynamic,2048,0.014517,0.301484,0.429776,1.660665,1.038175,3.190012,9.734324,9.548641,25.925363
1,1,16,dynamic,4096,0.018332,0.300825,0.434528,1.692882,1.059515,3.198865,9.635834,9.77226,26.120582
1,1,16,dynamic,4096,0.028535,0.301452,0.42754,1.641467,1.030418,3.205379,9.547529,9.734701,25.924694
1,1,16,dynamic,4096,0.028565,0.304053,0.433905,1.704523,1.047636,3.205587,9.649433,9.598738,25.980011
1,1,16,dynamic,4096,0.028786,0.302809,0.444026,1.696534,1.051323,3.201533,9.750248,9.570619,26.05357
1,1,16,dynamic,4096,0.030735,0.300406,0.456719,1.631671,1.041986,3.195668,9.601984,9.746933,26.014374
